{
  "photos": {
    "items": [
      {
        "photo_id": "1",
        "photo_name": "大话西游",
        "photo_url": "images/con_picv.gif",
        "photo_time":"2016-05-28",
        "see_mumber":1111
      },
      {
        "photo_id": "2",
        "photo_name": "神话",
        "photo_url": "images/con_picv.gif",
        "photo_time":"2016-05-28",
        "see_mumber":1111
      },
      {
        "photo_id": "3",
        "photo_name": "大圣归来",
        "photo_url": "images/con_picv.gif",
        "photo_time":"2016-05-28",
        "see_mumber":1111
      },
      {
        "photo_id": "4",
        "photo_name": "匆匆那年",
        "photo_url": "images/con_picv.gif",
        "photo_time":"2016-05-28",
        "see_mumber":1111
      },
      {
        "photo_id": "5",
        "photo_name": "明日",
        "photo_url": "images/con_picv.gif",
        "photo_time":"2016-05-28",
        "see_mumber":1111
      },
      {
        "photo_id": "6",
        "photo_name": "特异",
        "photo_url": "images/con_picv.gif",
        "photo_time":"2016-05-28",
        "see_mumber":1111
      },
      {
        "photo_id": "7",
        "photo_name": "传奇",
        "photo_url": "images/con_picv.gif",
        "photo_time":"2016-05-28",
        "see_mumber":1111
      },
      {
        "photo_id": "8",
        "photo_name": "迷茫青春",
        "photo_url": "images/con_picv.gif",
        "photo_time":"2016-05-28",
        "see_mumber":1111
      },
      {
        "photo_id": "9",
        "photo_name": "来时",
        "photo_url": "images/con_picv.gif",
        "photo_time":"2016-05-28",
        "see_mumber":1111
      }
    ]
  }
}