{
  "photos": {
    "items": [
      {
        "photo_id": "1",
        "photo_name": "双椒拌鸡丝",
        "photo_url": "images/con_pic.gif",
        "photo_time":"2016-05-28",
        "see_mumber":1111
      },
      {
        "photo_id": "2",
        "photo_name": "酒蒸蛤仔",
        "photo_url": "images/con_pic.gif",
        "photo_time":"2016-05-28",
        "see_mumber":1111
      },
      {
        "photo_id": "3",
        "photo_name": "干煎带鱼",
        "photo_url": "images/con_pic.gif",
        "photo_time":"2016-05-28",
        "see_mumber":1111
      },
      {
        "photo_id": "4",
        "photo_name": "虫草淮杞炖鹧鸪",
        "photo_url": "images/con_pic.gif",
        "photo_time":"2016-05-28",
        "see_mumber":1111
      },
      {
        "photo_id": "5",
        "photo_name": "元宝满箱",
        "photo_url": "images/con_pic.gif",
        "photo_time":"2016-05-28",
        "see_mumber":1111
      },
      {
        "photo_id": "6",
        "photo_name": "紫薯+苹果夹心奶油蛋糕--简单的裱花",
        "photo_url": "images/con_pic.gif",
        "photo_time":"2016-05-28",
        "see_mumber":1111
      },
      {
        "photo_id": "7",
        "photo_name": "干锅淮山",
        "photo_url": "images/con_pic.gif",
        "photo_time":"2016-05-28",
        "see_mumber":1111
      },
      {
        "photo_id": "8",
        "photo_name": "呛生菜",
        "photo_url": "images/con_pic.gif",
        "photo_time":"2016-05-28",
        "see_mumber":1111
      },
      {
        "photo_id": "9",
        "photo_name": "无油无水脆皮小蛋糕",
        "photo_url": "images/con_pic.gif",
        "photo_time":"2016-05-28",
        "see_mumber":1111
      }
    ]
  }
}